./nnet/ACASXU_run2a_1_1_batch_2000.nnet_Point_0_Delta_0.10001_runnerUp_1, Type: AIOFF, AItime 00:00:00,, SAT, 39018, 00:00:39
 ./nnet/ACASXU_run2a_1_1_batch_2000.nnet_Point_0_Delta_0.10001_runnerUp_1, Type: AIBOXSym, AItime 00:00:00,, SAT, 44727, 00:00:44
 ./nnet/ACASXU_run2a_1_1_batch_2000.nnet_Point_0_Delta_0.10001_runnerUp_1, Type: AITOPO, AItime 00:00:00,, SAT, 55018, 00:00:55
 ./nnet/ACASXU_run2a_1_1_batch_2000.nnet_Point_0_Delta_0.07501_runnerUp_1, Type: AIOFF, AItime 00:00:00,, SAT, 123081, 00:02:03
 ./nnet/ACASXU_run2a_1_1_batch_2000.nnet_Point_0_Delta_0.07501_runnerUp_1, Type: AIBOXSym, AItime 00:00:00,, SAT, 35880, 00:00:35
 ./nnet/ACASXU_run2a_1_1_batch_2000.nnet_Point_0_Delta_0.07501_runnerUp_1, Type: AITOPO, AItime 00:00:00,, SAT, 223104, 00:03:43
 ./nnet/ACASXU_run2a_1_1_batch_2000.nnet_Point_0_Delta_0.05001_runnerUp_1, Type: AIOFF, AItime 00:00:00,, SAT, 14710, 00:00:14
 ./nnet/ACASXU_run2a_1_1_batch_2000.nnet_Point_0_Delta_0.05001_runnerUp_1, Type: AIBOXSym, AItime 00:00:00,, SAT, 14406, 00:00:14
 ./nnet/ACASXU_run2a_1_1_batch_2000.nnet_Point_0_Delta_0.05001_runnerUp_1, Type: AITOPO, AItime 00:00:00,, SAT, 10376, 00:00:10
 ./nnet/ACASXU_run2a_1_1_batch_2000.nnet_Point_0_Delta_0.02501_runnerUp_1, Type: AIOFF, AItime 00:00:00,, UNSAT, 153266, 00:02:33
 ./nnet/ACASXU_run2a_1_1_batch_2000.nnet_Point_0_Delta_0.02501_runnerUp_2, Type: AIOFF, AItime 00:00:00,, UNSAT, 183942, 00:03:03
 ./nnet/ACASXU_run2a_1_1_batch_2000.nnet_Point_0_Delta_0.02501_runnerUp_3, Type: AIOFF, AItime 00:00:00,, UNSAT, 158739, 00:02:38
 ./nnet/ACASXU_run2a_1_1_batch_2000.nnet_Point_0_Delta_0.02501_runnerUp_4, Type: AIOFF, AItime 00:00:00,, UNSAT, 141880, 00:02:21
 ./nnet/ACASXU_run2a_1_1_batch_2000.nnet_Point_0_Delta_0.02501_runnerUp_1, Type: AIBOXSym, AItime 00:00:00,, UNSAT, 79366, 00:01:19
 ./nnet/ACASXU_run2a_1_1_batch_2000.nnet_Point_0_Delta_0.02501_runnerUp_2, Type: AIBOXSym, AItime 00:00:00,, UNSAT, 50241, 00:00:50
 ./nnet/ACASXU_run2a_1_1_batch_2000.nnet_Point_0_Delta_0.02501_runnerUp_3, Type: AIBOXSym, AItime 00:00:00,, UNSAT, 27721, 00:00:27
 ./nnet/ACASXU_run2a_1_1_batch_2000.nnet_Point_0_Delta_0.02501_runnerUp_4, Type: AIBOXSym, AItime 00:00:00,, UNSAT, 80082, 00:01:20
 ./nnet/ACASXU_run2a_1_1_batch_2000.nnet_Point_0_Delta_0.02501_runnerUp_1, Type: AITOPO, AItime 00:00:00,, UNSAT, 23201, 00:00:23
 ./nnet/ACASXU_run2a_1_1_batch_2000.nnet_Point_0_Delta_0.02501_runnerUp_2, Type: AITOPO, AItime 00:00:00,, UNSAT, 37031, 00:00:37
 ./nnet/ACASXU_run2a_1_1_batch_2000.nnet_Point_0_Delta_0.02501_runnerUp_3, Type: AITOPO, AItime 00:00:00,, UNSAT, 75330, 00:01:15
 ./nnet/ACASXU_run2a_1_1_batch_2000.nnet_Point_0_Delta_0.02501_runnerUp_4, Type: AITOPO, AItime 00:00:00,, UNSAT, 63724, 00:01:03
 ./nnet/ACASXU_run2a_1_1_batch_2000.nnet_Point_0_Delta_0.01001_runnerUp_1, Type: AIOFF, AItime 00:00:00,, UNSAT, 25411, 00:00:25
 ./nnet/ACASXU_run2a_1_1_batch_2000.nnet_Point_0_Delta_0.01001_runnerUp_2, Type: AIOFF, AItime 00:00:00,, UNSAT, 17743, 00:00:17
 ./nnet/ACASXU_run2a_1_1_batch_2000.nnet_Point_0_Delta_0.01001_runnerUp_3, Type: AIOFF, AItime 00:00:00,, UNSAT, 4842, 00:00:04
 ./nnet/ACASXU_run2a_1_1_batch_2000.nnet_Point_0_Delta_0.01001_runnerUp_4, Type: AIOFF, AItime 00:00:00,, UNSAT, 15521, 00:00:15
 ./nnet/ACASXU_run2a_1_1_batch_2000.nnet_Point_0_Delta_0.01001_runnerUp_1, Type: AIBOXSym, AItime 00:00:00,, UNSAT, 9223, 00:00:09
 ./nnet/ACASXU_run2a_1_1_batch_2000.nnet_Point_0_Delta_0.01001_runnerUp_2, Type: AIBOXSym, AItime 00:00:00,, UNSAT, 11872, 00:00:11
 ./nnet/ACASXU_run2a_1_1_batch_2000.nnet_Point_0_Delta_0.01001_runnerUp_3, Type: AIBOXSym, AItime 00:00:00,, UNSAT, 6668, 00:00:06
 ./nnet/ACASXU_run2a_1_1_batch_2000.nnet_Point_0_Delta_0.01001_runnerUp_4, Type: AIBOXSym, AItime 00:00:00,, UNSAT, 8154, 00:00:08
 ./nnet/ACASXU_run2a_1_1_batch_2000.nnet_Point_0_Delta_0.01001_runnerUp_1, Type: AITOPO, AItime 00:00:00,, UNSAT, 16793, 00:00:16
 ./nnet/ACASXU_run2a_1_1_batch_2000.nnet_Point_0_Delta_0.01001_runnerUp_2, Type: AITOPO, AItime 00:00:00,, UNSAT, 15841, 00:00:15
 ./nnet/ACASXU_run2a_1_1_batch_2000.nnet_Point_0_Delta_0.01001_runnerUp_3, Type: AITOPO, AItime 00:00:00,, UNSAT, 5874, 00:00:05
 ./nnet/ACASXU_run2a_1_1_batch_2000.nnet_Point_0_Delta_0.01001_runnerUp_4, Type: AITOPO, AItime 00:00:00,, UNSAT, 8183, 00:00:08
 ./nnet/ACASXU_run2a_1_1_batch_2000.nnet_Point_1_Delta_0.10001_runnerUp_1, Type: AIOFF, AItime 00:00:00,, UNSAT, 1333796, 00:22:13
 ./nnet/ACASXU_run2a_1_1_batch_2000.nnet_Point_1_Delta_0.10001_runnerUp_2, Type: AIOFF, AItime 00:00:00,, UNSAT, 1764716, 00:29:24
 ./nnet/ACASXU_run2a_1_1_batch_2000.nnet_Point_1_Delta_0.10001_runnerUp_3, Type: AIOFF, AItime 00:00:00,, UNSAT, 1732054, 00:28:52
 ./nnet/ACASXU_run2a_1_1_batch_2000.nnet_Point_1_Delta_0.10001_runnerUp_4, Type: AIOFF, AItime 00:00:00,, UNSAT, 1682875, 00:28:02
 ./nnet/ACASXU_run2a_1_1_batch_2000.nnet_Point_1_Delta_0.10001_runnerUp_1, Type: AIBOXSym, AItime 00:00:00,, UNSAT, 28464, 00:00:28
 ./nnet/ACASXU_run2a_1_1_batch_2000.nnet_Point_1_Delta_0.10001_runnerUp_2, Type: AIBOXSym, AItime 00:00:00,, UNSAT, 18847, 00:00:18
 ./nnet/ACASXU_run2a_1_1_batch_2000.nnet_Point_1_Delta_0.10001_runnerUp_3, Type: AIBOXSym, AItime 00:00:00,, UNSAT, 52006, 00:00:52
 ./nnet/ACASXU_run2a_1_1_batch_2000.nnet_Point_1_Delta_0.10001_runnerUp_4, Type: AIBOXSym, AItime 00:00:00,, UNSAT, 41972, 00:00:41
 ./nnet/ACASXU_run2a_1_1_batch_2000.nnet_Point_1_Delta_0.10001_runnerUp_1, Type: AITOPO, AItime 00:00:00,, UNSAT, 75449, 00:01:15
 ./nnet/ACASXU_run2a_1_1_batch_2000.nnet_Point_1_Delta_0.10001_runnerUp_2, Type: AITOPO, AItime 00:00:00,, UNSAT, 113889, 00:01:53
 ./nnet/ACASXU_run2a_1_1_batch_2000.nnet_Point_1_Delta_0.10001_runnerUp_3, Type: AITOPO, AItime 00:00:00,, UNSAT, 40042, 00:00:40
 ./nnet/ACASXU_run2a_1_1_batch_2000.nnet_Point_1_Delta_0.10001_runnerUp_4, Type: AITOPO, AItime 00:00:00,, UNSAT, 22505, 00:00:22
 ./nnet/ACASXU_run2a_1_1_batch_2000.nnet_Point_1_Delta_0.07501_runnerUp_1, Type: AIOFF, AItime 00:00:00,, UNSAT, 491045, 00:08:11
 ./nnet/ACASXU_run2a_1_1_batch_2000.nnet_Point_1_Delta_0.07501_runnerUp_2, Type: AIOFF, AItime 00:00:00,, UNSAT, 387772, 00:06:27
 ./nnet/ACASXU_run2a_1_1_batch_2000.nnet_Point_1_Delta_0.07501_runnerUp_3, Type: AIOFF, AItime 00:00:00,, UNSAT, 330667, 00:05:30
 ./nnet/ACASXU_run2a_1_1_batch_2000.nnet_Point_1_Delta_0.07501_runnerUp_4, Type: AIOFF, AItime 00:00:00,, UNSAT, 349087, 00:05:49
 ./nnet/ACASXU_run2a_1_1_batch_2000.nnet_Point_1_Delta_0.07501_runnerUp_1, Type: AIBOXSym, AItime 00:00:00,, UNSAT, 17053, 00:00:17
 ./nnet/ACASXU_run2a_1_1_batch_2000.nnet_Point_1_Delta_0.07501_runnerUp_2, Type: AIBOXSym, AItime 00:00:00,, UNSAT, 25505, 00:00:25
 ./nnet/ACASXU_run2a_1_1_batch_2000.nnet_Point_1_Delta_0.07501_runnerUp_3, Type: AIBOXSym, AItime 00:00:00,, UNSAT, 101083, 00:01:41
 ./nnet/ACASXU_run2a_1_1_batch_2000.nnet_Point_1_Delta_0.07501_runnerUp_4, Type: AIBOXSym, AItime 00:00:00,, UNSAT, 12647, 00:00:12
 ./nnet/ACASXU_run2a_1_1_batch_2000.nnet_Point_1_Delta_0.07501_runnerUp_1, Type: AITOPO, AItime 00:00:00,, UNSAT, 13539, 00:00:13
 ./nnet/ACASXU_run2a_1_1_batch_2000.nnet_Point_1_Delta_0.07501_runnerUp_2, Type: AITOPO, AItime 00:00:00,, UNSAT, 35596, 00:00:35
 ./nnet/ACASXU_run2a_1_1_batch_2000.nnet_Point_1_Delta_0.07501_runnerUp_3, Type: AITOPO, AItime 00:00:00,, UNSAT, 21297, 00:00:21
 ./nnet/ACASXU_run2a_1_1_batch_2000.nnet_Point_1_Delta_0.07501_runnerUp_4, Type: AITOPO, AItime 00:00:00,, UNSAT, 22013, 00:00:22
 ./nnet/ACASXU_run2a_1_1_batch_2000.nnet_Point_1_Delta_0.05001_runnerUp_1, Type: AIOFF, AItime 00:00:00,, UNSAT, 80003, 00:01:20
 ./nnet/ACASXU_run2a_1_1_batch_2000.nnet_Point_1_Delta_0.05001_runnerUp_2, Type: AIOFF, AItime 00:00:00,, UNSAT, 67094, 00:01:07
 ./nnet/ACASXU_run2a_1_1_batch_2000.nnet_Point_1_Delta_0.05001_runnerUp_3, Type: AIOFF, AItime 00:00:00,, UNSAT, 73310, 00:01:13
 ./nnet/ACASXU_run2a_1_1_batch_2000.nnet_Point_1_Delta_0.05001_runnerUp_4, Type: AIOFF, AItime 00:00:00,, UNSAT, 98710, 00:01:38
 ./nnet/ACASXU_run2a_1_1_batch_2000.nnet_Point_1_Delta_0.05001_runnerUp_1, Type: AIBOXSym, AItime 00:00:00,, UNSAT, 35299, 00:00:35
 ./nnet/ACASXU_run2a_1_1_batch_2000.nnet_Point_1_Delta_0.05001_runnerUp_2, Type: AIBOXSym, AItime 00:00:00,, UNSAT, 13675, 00:00:13
 ./nnet/ACASXU_run2a_1_1_batch_2000.nnet_Point_1_Delta_0.05001_runnerUp_3, Type: AIBOXSym, AItime 00:00:00,, UNSAT, 20247, 00:00:20
 ./nnet/ACASXU_run2a_1_1_batch_2000.nnet_Point_1_Delta_0.05001_runnerUp_4, Type: AIBOXSym, AItime 00:00:00,, UNSAT, 5426, 00:00:05
 ./nnet/ACASXU_run2a_1_1_batch_2000.nnet_Point_1_Delta_0.05001_runnerUp_1, Type: AITOPO, AItime 00:00:00,, UNSAT, 27072, 00:00:27
 ./nnet/ACASXU_run2a_1_1_batch_2000.nnet_Point_1_Delta_0.05001_runnerUp_2, Type: AITOPO, AItime 00:00:00,, UNSAT, 5085, 00:00:05
 ./nnet/ACASXU_run2a_1_1_batch_2000.nnet_Point_1_Delta_0.05001_runnerUp_3, Type: AITOPO, AItime 00:00:00,, UNSAT, 12761, 00:00:12
 ./nnet/ACASXU_run2a_1_1_batch_2000.nnet_Point_1_Delta_0.05001_runnerUp_4, Type: AITOPO, AItime 00:00:00,, UNSAT, 5705, 00:00:05
 ./nnet/ACASXU_run2a_1_1_batch_2000.nnet_Point_1_Delta_0.02501_runnerUp_1, Type: AIOFF, AItime 00:00:00,, UNSAT, 9062, 00:00:09
 ./nnet/ACASXU_run2a_1_1_batch_2000.nnet_Point_1_Delta_0.02501_runnerUp_2, Type: AIOFF, AItime 00:00:00,, UNSAT, 15150, 00:00:15
 ./nnet/ACASXU_run2a_1_1_batch_2000.nnet_Point_1_Delta_0.02501_runnerUp_3, Type: AIOFF, AItime 00:00:00,, UNSAT, 10213, 00:00:10
 ./nnet/ACASXU_run2a_1_1_batch_2000.nnet_Point_1_Delta_0.02501_runnerUp_4, Type: AIOFF, AItime 00:00:00,, UNSAT, 14601, 00:00:14
 ./nnet/ACASXU_run2a_1_1_batch_2000.nnet_Point_1_Delta_0.02501_runnerUp_1, Type: AIBOXSym, AItime 00:00:00,, UNSAT, 14613, 00:00:14
 ./nnet/ACASXU_run2a_1_1_batch_2000.nnet_Point_1_Delta_0.02501_runnerUp_2, Type: AIBOXSym, AItime 00:00:00,, UNSAT, 10712, 00:00:10
 ./nnet/ACASXU_run2a_1_1_batch_2000.nnet_Point_1_Delta_0.02501_runnerUp_3, Type: AIBOXSym, AItime 00:00:00,, UNSAT, 8553, 00:00:08
 ./nnet/ACASXU_run2a_1_1_batch_2000.nnet_Point_1_Delta_0.02501_runnerUp_4, Type: AIBOXSym, AItime 00:00:00,, UNSAT, 6499, 00:00:06
 ./nnet/ACASXU_run2a_1_1_batch_2000.nnet_Point_1_Delta_0.02501_runnerUp_1, Type: AITOPO, AItime 00:00:00,, UNSAT, 12471, 00:00:12
 ./nnet/ACASXU_run2a_1_1_batch_2000.nnet_Point_1_Delta_0.02501_runnerUp_2, Type: AITOPO, AItime 00:00:00,, UNSAT, 9343, 00:00:09
 ./nnet/ACASXU_run2a_1_1_batch_2000.nnet_Point_1_Delta_0.02501_runnerUp_3, Type: AITOPO, AItime 00:00:00,, UNSAT, 7820, 00:00:07
 ./nnet/ACASXU_run2a_1_1_batch_2000.nnet_Point_1_Delta_0.02501_runnerUp_4, Type: AITOPO, AItime 00:00:00,, UNSAT, 5926, 00:00:05
 ./nnet/ACASXU_run2a_1_1_batch_2000.nnet_Point_1_Delta_0.01001_runnerUp_1, Type: AIOFF, AItime 00:00:00,, UNSAT, 2294, 00:00:02
 ./nnet/ACASXU_run2a_1_1_batch_2000.nnet_Point_1_Delta_0.01001_runnerUp_2, Type: AIOFF, AItime 00:00:00,, UNSAT, 3985, 00:00:03
 ./nnet/ACASXU_run2a_1_1_batch_2000.nnet_Point_1_Delta_0.01001_runnerUp_3, Type: AIOFF, AItime 00:00:00,, UNSAT, 2348, 00:00:02
 ./nnet/ACASXU_run2a_1_1_batch_2000.nnet_Point_1_Delta_0.01001_runnerUp_4, Type: AIOFF, AItime 00:00:00,, UNSAT, 2256, 00:00:02
 ./nnet/ACASXU_run2a_1_1_batch_2000.nnet_Point_1_Delta_0.01001_runnerUp_1, Type: AIBOXSym, AItime 00:00:00,, UNSAT, 0, 00:00:00
 ./nnet/ACASXU_run2a_1_1_batch_2000.nnet_Point_1_Delta_0.01001_runnerUp_2, Type: AIBOXSym, AItime 00:00:00,, UNSAT, 0, 00:00:00
 ./nnet/ACASXU_run2a_1_1_batch_2000.nnet_Point_1_Delta_0.01001_runnerUp_3, Type: AIBOXSym, AItime 00:00:00,, UNSAT, 0, 00:00:00
 ./nnet/ACASXU_run2a_1_1_batch_2000.nnet_Point_1_Delta_0.01001_runnerUp_4, Type: AIBOXSym, AItime 00:00:00,, UNSAT, 0, 00:00:00
 ./nnet/ACASXU_run2a_1_1_batch_2000.nnet_Point_1_Delta_0.01001_runnerUp_1, Type: AITOPO, AItime 00:00:00,, UNSAT, 3265, 00:00:03
 ./nnet/ACASXU_run2a_1_1_batch_2000.nnet_Point_1_Delta_0.01001_runnerUp_2, Type: AITOPO, AItime 00:00:00,, UNSAT, 5332, 00:00:05
 ./nnet/ACASXU_run2a_1_1_batch_2000.nnet_Point_1_Delta_0.01001_runnerUp_3, Type: AITOPO, AItime 00:00:00,, UNSAT, 6805, 00:00:06
 ./nnet/ACASXU_run2a_1_1_batch_2000.nnet_Point_1_Delta_0.01001_runnerUp_4, Type: AITOPO, AItime 00:00:00,, UNSAT, 4044, 00:00:04
 ./nnet/ACASXU_run2a_1_1_batch_2000.nnet_Point_2_Delta_0.10001_runnerUp_1, Type: AIOFF, AItime 00:00:00,, UNSAT, 280306, 00:04:40
 ./nnet/ACASXU_run2a_1_1_batch_2000.nnet_Point_2_Delta_0.10001_runnerUp_2, Type: AIOFF, AItime 00:00:00,, UNSAT, 252640, 00:04:12
 ./nnet/ACASXU_run2a_1_1_batch_2000.nnet_Point_2_Delta_0.10001_runnerUp_3, Type: AIOFF, AItime 00:00:00,, UNSAT, 246107, 00:04:06
 ./nnet/ACASXU_run2a_1_1_batch_2000.nnet_Point_2_Delta_0.10001_runnerUp_4, Type: AIOFF, AItime 00:00:00,, UNSAT, 234414, 00:03:54
 ./nnet/ACASXU_run2a_1_1_batch_2000.nnet_Point_2_Delta_0.10001_runnerUp_1, Type: AIBOXSym, AItime 00:00:00,, UNSAT, 11172, 00:00:11
 ./nnet/ACASXU_run2a_1_1_batch_2000.nnet_Point_2_Delta_0.10001_runnerUp_2, Type: AIBOXSym, AItime 00:00:00,, UNSAT, 6247, 00:00:06
 ./nnet/ACASXU_run2a_1_1_batch_2000.nnet_Point_2_Delta_0.10001_runnerUp_3, Type: AIBOXSym, AItime 00:00:00,, UNSAT, 22297, 00:00:22
 ./nnet/ACASXU_run2a_1_1_batch_2000.nnet_Point_2_Delta_0.10001_runnerUp_4, Type: AIBOXSym, AItime 00:00:00,, UNSAT, 4412, 00:00:04
 ./nnet/ACASXU_run2a_1_1_batch_2000.nnet_Point_2_Delta_0.10001_runnerUp_1, Type: AITOPO, AItime 00:00:00,, UNSAT, 14638, 00:00:14
 ./nnet/ACASXU_run2a_1_1_batch_2000.nnet_Point_2_Delta_0.10001_runnerUp_2, Type: AITOPO, AItime 00:00:00,, UNSAT, 5276, 00:00:05
 ./nnet/ACASXU_run2a_1_1_batch_2000.nnet_Point_2_Delta_0.10001_runnerUp_3, Type: AITOPO, AItime 00:00:00,, UNSAT, 15585, 00:00:15
 ./nnet/ACASXU_run2a_1_1_batch_2000.nnet_Point_2_Delta_0.10001_runnerUp_4, Type: AITOPO, AItime 00:00:00,, UNSAT, 10323, 00:00:10
 ./nnet/ACASXU_run2a_1_1_batch_2000.nnet_Point_2_Delta_0.07501_runnerUp_1, Type: AIOFF, AItime 00:00:00,, UNSAT, 96507, 00:01:36
 ./nnet/ACASXU_run2a_1_1_batch_2000.nnet_Point_2_Delta_0.07501_runnerUp_2, Type: AIOFF, AItime 00:00:00,, UNSAT, 98794, 00:01:38
 ./nnet/ACASXU_run2a_1_1_batch_2000.nnet_Point_2_Delta_0.07501_runnerUp_3, Type: AIOFF, AItime 00:00:00,, UNSAT, 155201, 00:02:35
 ./nnet/ACASXU_run2a_1_1_batch_2000.nnet_Point_2_Delta_0.07501_runnerUp_4, Type: AIOFF, AItime 00:00:00,, UNSAT, 71786, 00:01:11
 ./nnet/ACASXU_run2a_1_1_batch_2000.nnet_Point_2_Delta_0.07501_runnerUp_1, Type: AIBOXSym, AItime 00:00:00,, UNSAT, 10476, 00:00:10
 ./nnet/ACASXU_run2a_1_1_batch_2000.nnet_Point_2_Delta_0.07501_runnerUp_2, Type: AIBOXSym, AItime 00:00:00,, UNSAT, 24267, 00:00:24
 ./nnet/ACASXU_run2a_1_1_batch_2000.nnet_Point_2_Delta_0.07501_runnerUp_3, Type: AIBOXSym, AItime 00:00:00,, UNSAT, 22444, 00:00:22
 ./nnet/ACASXU_run2a_1_1_batch_2000.nnet_Point_2_Delta_0.07501_runnerUp_4, Type: AIBOXSym, AItime 00:00:00,, UNSAT, 13520, 00:00:13
 ./nnet/ACASXU_run2a_1_1_batch_2000.nnet_Point_2_Delta_0.07501_runnerUp_1, Type: AITOPO, AItime 00:00:00,, UNSAT, 16354, 00:00:16
 ./nnet/ACASXU_run2a_1_1_batch_2000.nnet_Point_2_Delta_0.07501_runnerUp_2, Type: AITOPO, AItime 00:00:00,, UNSAT, 6253, 00:00:06
 ./nnet/ACASXU_run2a_1_1_batch_2000.nnet_Point_2_Delta_0.07501_runnerUp_3, Type: AITOPO, AItime 00:00:00,, UNSAT, 12485, 00:00:12
 ./nnet/ACASXU_run2a_1_1_batch_2000.nnet_Point_2_Delta_0.07501_runnerUp_4, Type: AITOPO, AItime 00:00:00,, UNSAT, 16914, 00:00:16
 ./nnet/ACASXU_run2a_1_1_batch_2000.nnet_Point_2_Delta_0.05001_runnerUp_1, Type: AIOFF, AItime 00:00:00,, UNSAT, 40511, 00:00:40
 ./nnet/ACASXU_run2a_1_1_batch_2000.nnet_Point_2_Delta_0.05001_runnerUp_2, Type: AIOFF, AItime 00:00:00,, UNSAT, 23768, 00:00:23
 ./nnet/ACASXU_run2a_1_1_batch_2000.nnet_Point_2_Delta_0.05001_runnerUp_3, Type: AIOFF, AItime 00:00:00,, UNSAT, 14294, 00:00:14
 ./nnet/ACASXU_run2a_1_1_batch_2000.nnet_Point_2_Delta_0.05001_runnerUp_4, Type: AIOFF, AItime 00:00:00,, UNSAT, 16730, 00:00:16
 ./nnet/ACASXU_run2a_1_1_batch_2000.nnet_Point_2_Delta_0.05001_runnerUp_1, Type: AIBOXSym, AItime 00:00:00,, UNSAT, 0, 00:00:00
 ./nnet/ACASXU_run2a_1_1_batch_2000.nnet_Point_2_Delta_0.05001_runnerUp_2, Type: AIBOXSym, AItime 00:00:00,, UNSAT, 0, 00:00:00
 ./nnet/ACASXU_run2a_1_1_batch_2000.nnet_Point_2_Delta_0.05001_runnerUp_3, Type: AIBOXSym, AItime 00:00:00,, UNSAT, 0, 00:00:00
 ./nnet/ACASXU_run2a_1_1_batch_2000.nnet_Point_2_Delta_0.05001_runnerUp_4, Type: AIBOXSym, AItime 00:00:00,, UNSAT, 0, 00:00:00
 ./nnet/ACASXU_run2a_1_1_batch_2000.nnet_Point_2_Delta_0.05001_runnerUp_1, Type: AITOPO, AItime 00:00:00,, UNSAT, 7559, 00:00:07
 ./nnet/ACASXU_run2a_1_1_batch_2000.nnet_Point_2_Delta_0.05001_runnerUp_2, Type: AITOPO, AItime 00:00:00,, UNSAT, 7584, 00:00:07
 ./nnet/ACASXU_run2a_1_1_batch_2000.nnet_Point_2_Delta_0.05001_runnerUp_3, Type: AITOPO, AItime 00:00:00,, UNSAT, 7927, 00:00:07
 ./nnet/ACASXU_run2a_1_1_batch_2000.nnet_Point_2_Delta_0.05001_runnerUp_4, Type: AITOPO, AItime 00:00:00,, UNSAT, 5378, 00:00:05
 ./nnet/ACASXU_run2a_1_1_batch_2000.nnet_Point_2_Delta_0.02501_runnerUp_1, Type: AIOFF, AItime 00:00:00,, UNSAT, 19285, 00:00:19
 ./nnet/ACASXU_run2a_1_1_batch_2000.nnet_Point_2_Delta_0.02501_runnerUp_2, Type: AIOFF, AItime 00:00:00,, UNSAT, 23979, 00:00:23
 ./nnet/ACASXU_run2a_1_1_batch_2000.nnet_Point_2_Delta_0.02501_runnerUp_3, Type: AIOFF, AItime 00:00:00,, UNSAT, 16860, 00:00:16
 ./nnet/ACASXU_run2a_1_1_batch_2000.nnet_Point_2_Delta_0.02501_runnerUp_4, Type: AIOFF, AItime 00:00:00,, UNSAT, 18677, 00:00:18
 ./nnet/ACASXU_run2a_1_1_batch_2000.nnet_Point_2_Delta_0.02501_runnerUp_1, Type: AIBOXSym, AItime 00:00:00,, UNSAT, 0, 00:00:00
 ./nnet/ACASXU_run2a_1_1_batch_2000.nnet_Point_2_Delta_0.02501_runnerUp_2, Type: AIBOXSym, AItime 00:00:00,, UNSAT, 0, 00:00:00
 ./nnet/ACASXU_run2a_1_1_batch_2000.nnet_Point_2_Delta_0.02501_runnerUp_3, Type: AIBOXSym, AItime 00:00:00,, UNSAT, 0, 00:00:00
 ./nnet/ACASXU_run2a_1_1_batch_2000.nnet_Point_2_Delta_0.02501_runnerUp_4, Type: AIBOXSym, AItime 00:00:00,, UNSAT, 0, 00:00:00
 ./nnet/ACASXU_run2a_1_1_batch_2000.nnet_Point_2_Delta_0.02501_runnerUp_1, Type: AITOPO, AItime 00:00:00,, UNSAT, 0, 00:00:00
 ./nnet/ACASXU_run2a_1_1_batch_2000.nnet_Point_2_Delta_0.02501_runnerUp_2, Type: AITOPO, AItime 00:00:00,, UNSAT, 0, 00:00:00
 ./nnet/ACASXU_run2a_1_1_batch_2000.nnet_Point_2_Delta_0.02501_runnerUp_3, Type: AITOPO, AItime 00:00:00,, UNSAT, 0, 00:00:00
 ./nnet/ACASXU_run2a_1_1_batch_2000.nnet_Point_2_Delta_0.02501_runnerUp_4, Type: AITOPO, AItime 00:00:00,, UNSAT, 0, 00:00:00
 ./nnet/ACASXU_run2a_1_1_batch_2000.nnet_Point_2_Delta_0.01001_runnerUp_1, Type: AIOFF, AItime 00:00:00,, UNSAT, 1492, 00:00:01
 ./nnet/ACASXU_run2a_1_1_batch_2000.nnet_Point_2_Delta_0.01001_runnerUp_2, Type: AIOFF, AItime 00:00:00,, UNSAT, 1502, 00:00:01
 ./nnet/ACASXU_run2a_1_1_batch_2000.nnet_Point_2_Delta_0.01001_runnerUp_3, Type: AIOFF, AItime 00:00:00,, UNSAT, 1528, 00:00:01
 ./nnet/ACASXU_run2a_1_1_batch_2000.nnet_Point_2_Delta_0.01001_runnerUp_4, Type: AIOFF, AItime 00:00:00,, UNSAT, 1498, 00:00:01
 ./nnet/ACASXU_run2a_1_1_batch_2000.nnet_Point_2_Delta_0.01001_runnerUp_1, Type: AIBOXSym, AItime 00:00:00,, UNSAT, 0, 00:00:00
 ./nnet/ACASXU_run2a_1_1_batch_2000.nnet_Point_2_Delta_0.01001_runnerUp_2, Type: AIBOXSym, AItime 00:00:00,, UNSAT, 0, 00:00:00
 ./nnet/ACASXU_run2a_1_1_batch_2000.nnet_Point_2_Delta_0.01001_runnerUp_3, Type: AIBOXSym, AItime 00:00:00,, UNSAT, 0, 00:00:00
 ./nnet/ACASXU_run2a_1_1_batch_2000.nnet_Point_2_Delta_0.01001_runnerUp_4, Type: AIBOXSym, AItime 00:00:00,, UNSAT, 0, 00:00:00
 ./nnet/ACASXU_run2a_1_1_batch_2000.nnet_Point_2_Delta_0.01001_runnerUp_1, Type: AITOPO, AItime 00:00:00,, UNSAT, 0, 00:00:00
 ./nnet/ACASXU_run2a_1_1_batch_2000.nnet_Point_2_Delta_0.01001_runnerUp_2, Type: AITOPO, AItime 00:00:00,, UNSAT, 0, 00:00:00
 ./nnet/ACASXU_run2a_1_1_batch_2000.nnet_Point_2_Delta_0.01001_runnerUp_3, Type: AITOPO, AItime 00:00:00,, UNSAT, 0, 00:00:00
 ./nnet/ACASXU_run2a_1_1_batch_2000.nnet_Point_2_Delta_0.01001_runnerUp_4, Type: AITOPO, AItime 00:00:00,, UNSAT, 0, 00:00:00
 ./nnet/ACASXU_run2a_1_1_batch_2000.nnet_Point_3_Delta_0.10001_runnerUp_1, Type: AIOFF, AItime 00:00:00,, SAT, 2933, 00:00:02
 ./nnet/ACASXU_run2a_1_1_batch_2000.nnet_Point_3_Delta_0.10001_runnerUp_1, Type: AIBOXSym, AItime 00:00:00,, SAT, 2702, 00:00:02
 ./nnet/ACASXU_run2a_1_1_batch_2000.nnet_Point_3_Delta_0.10001_runnerUp_1, Type: AITOPO, AItime 00:00:00,, SAT, 1812, 00:00:01
 ./nnet/ACASXU_run2a_1_1_batch_2000.nnet_Point_3_Delta_0.07501_runnerUp_1, Type: AIOFF, AItime 00:00:00,, SAT, 5115, 00:00:05
 ./nnet/ACASXU_run2a_1_1_batch_2000.nnet_Point_3_Delta_0.07501_runnerUp_1, Type: AIBOXSym, AItime 00:00:00,, SAT, 6815, 00:00:06
 ./nnet/ACASXU_run2a_1_1_batch_2000.nnet_Point_3_Delta_0.07501_runnerUp_1, Type: AITOPO, AItime 00:00:00,, SAT, 4313, 00:00:04
 ./nnet/ACASXU_run2a_1_1_batch_2000.nnet_Point_3_Delta_0.05001_runnerUp_1, Type: AIOFF, AItime 00:00:00,, SAT, 1236469, 00:20:36
 ./nnet/ACASXU_run2a_1_1_batch_2000.nnet_Point_3_Delta_0.05001_runnerUp_1, Type: AIBOXSym, AItime 00:00:00,, UNSAT, 45135, 00:00:45
 ./nnet/ACASXU_run2a_1_1_batch_2000.nnet_Point_3_Delta_0.05001_runnerUp_2, Type: AIBOXSym, AItime 00:00:00,, UNSAT, 229820, 00:03:49
 ./nnet/ACASXU_run2a_1_1_batch_2000.nnet_Point_3_Delta_0.05001_runnerUp_3, Type: AIBOXSym, AItime 00:00:00,, UNSAT, 27125, 00:00:27
 ./nnet/ACASXU_run2a_1_1_batch_2000.nnet_Point_3_Delta_0.05001_runnerUp_4, Type: AIBOXSym, AItime 00:00:00,, UNSAT, 140122, 00:02:20
 ./nnet/ACASXU_run2a_1_1_batch_2000.nnet_Point_3_Delta_0.05001_runnerUp_1, Type: AITOPO, AItime 00:00:00,, UNSAT, 129750, 00:02:09
 ./nnet/ACASXU_run2a_1_1_batch_2000.nnet_Point_3_Delta_0.05001_runnerUp_2, Type: AITOPO, AItime 00:00:00,, UNSAT, 144992, 00:02:24
 ./nnet/ACASXU_run2a_1_1_batch_2000.nnet_Point_3_Delta_0.05001_runnerUp_3, Type: AITOPO, AItime 00:00:00,, UNSAT, 412197, 00:06:52
 ./nnet/ACASXU_run2a_1_1_batch_2000.nnet_Point_3_Delta_0.05001_runnerUp_4, Type: AITOPO, AItime 00:00:00,, UNSAT, 229956, 00:03:49
 ./nnet/ACASXU_run2a_1_1_batch_2000.nnet_Point_3_Delta_0.02501_runnerUp_1, Type: AIOFF, AItime 00:00:00,, UNSAT, 120699, 00:02:00
 ./nnet/ACASXU_run2a_1_1_batch_2000.nnet_Point_3_Delta_0.02501_runnerUp_2, Type: AIOFF, AItime 00:00:00,, UNSAT, 150909, 00:02:30
 ./nnet/ACASXU_run2a_1_1_batch_2000.nnet_Point_3_Delta_0.02501_runnerUp_3, Type: AIOFF, AItime 00:00:00,, UNSAT, 117375, 00:01:57
 ./nnet/ACASXU_run2a_1_1_batch_2000.nnet_Point_3_Delta_0.02501_runnerUp_4, Type: AIOFF, AItime 00:00:00,, UNSAT, 189873, 00:03:09
 ./nnet/ACASXU_run2a_1_1_batch_2000.nnet_Point_3_Delta_0.02501_runnerUp_1, Type: AIBOXSym, AItime 00:00:00,, UNSAT, 6274, 00:00:06
 ./nnet/ACASXU_run2a_1_1_batch_2000.nnet_Point_3_Delta_0.02501_runnerUp_2, Type: AIBOXSym, AItime 00:00:00,, UNSAT, 5046, 00:00:05
 ./nnet/ACASXU_run2a_1_1_batch_2000.nnet_Point_3_Delta_0.02501_runnerUp_3, Type: AIBOXSym, AItime 00:00:00,, UNSAT, 16057, 00:00:16
 ./nnet/ACASXU_run2a_1_1_batch_2000.nnet_Point_3_Delta_0.02501_runnerUp_4, Type: AIBOXSym, AItime 00:00:00,, UNSAT, 3773, 00:00:03
 ./nnet/ACASXU_run2a_1_1_batch_2000.nnet_Point_3_Delta_0.02501_runnerUp_1, Type: AITOPO, AItime 00:00:00,, UNSAT, 6293, 00:00:06
 ./nnet/ACASXU_run2a_1_1_batch_2000.nnet_Point_3_Delta_0.02501_runnerUp_2, Type: AITOPO, AItime 00:00:00,, UNSAT, 16695, 00:00:16
 ./nnet/ACASXU_run2a_1_1_batch_2000.nnet_Point_3_Delta_0.02501_runnerUp_3, Type: AITOPO, AItime 00:00:00,, UNSAT, 9617, 00:00:09
 ./nnet/ACASXU_run2a_1_1_batch_2000.nnet_Point_3_Delta_0.02501_runnerUp_4, Type: AITOPO, AItime 00:00:00,, UNSAT, 9049, 00:00:09
 ./nnet/ACASXU_run2a_1_1_batch_2000.nnet_Point_3_Delta_0.01001_runnerUp_1, Type: AIOFF, AItime 00:00:00,, UNSAT, 1685, 00:00:01
 ./nnet/ACASXU_run2a_1_1_batch_2000.nnet_Point_3_Delta_0.01001_runnerUp_2, Type: AIOFF, AItime 00:00:00,, UNSAT, 2652, 00:00:02
 ./nnet/ACASXU_run2a_1_1_batch_2000.nnet_Point_3_Delta_0.01001_runnerUp_3, Type: AIOFF, AItime 00:00:00,, UNSAT, 1794, 00:00:01
 ./nnet/ACASXU_run2a_1_1_batch_2000.nnet_Point_3_Delta_0.01001_runnerUp_4, Type: AIOFF, AItime 00:00:00,, UNSAT, 2056, 00:00:02
 ./nnet/ACASXU_run2a_1_1_batch_2000.nnet_Point_3_Delta_0.01001_runnerUp_1, Type: AIBOXSym, AItime 00:00:00,, UNSAT, 0, 00:00:00
 ./nnet/ACASXU_run2a_1_1_batch_2000.nnet_Point_3_Delta_0.01001_runnerUp_2, Type: AIBOXSym, AItime 00:00:00,, UNSAT, 0, 00:00:00
 ./nnet/ACASXU_run2a_1_1_batch_2000.nnet_Point_3_Delta_0.01001_runnerUp_3, Type: AIBOXSym, AItime 00:00:00,, UNSAT, 0, 00:00:00
 ./nnet/ACASXU_run2a_1_1_batch_2000.nnet_Point_3_Delta_0.01001_runnerUp_4, Type: AIBOXSym, AItime 00:00:00,, UNSAT, 0, 00:00:00
 ./nnet/ACASXU_run2a_1_1_batch_2000.nnet_Point_3_Delta_0.01001_runnerUp_1, Type: AITOPO, AItime 00:00:00,, UNSAT, 5723, 00:00:05
 ./nnet/ACASXU_run2a_1_1_batch_2000.nnet_Point_3_Delta_0.01001_runnerUp_2, Type: AITOPO, AItime 00:00:00,, UNSAT, 4889, 00:00:04
 ./nnet/ACASXU_run2a_1_1_batch_2000.nnet_Point_3_Delta_0.01001_runnerUp_3, Type: AITOPO, AItime 00:00:00,, UNSAT, 5312, 00:00:05
 ./nnet/ACASXU_run2a_1_1_batch_2000.nnet_Point_3_Delta_0.01001_runnerUp_4, Type: AITOPO, AItime 00:00:00,, UNSAT, 4565, 00:00:04
 ./nnet/ACASXU_run2a_1_1_batch_2000.nnet_Point_4_Delta_0.10001_runnerUp_1, Type: AIOFF, AItime 00:00:00,, UNSAT, 3472248, 00:57:52
 ./nnet/ACASXU_run2a_1_1_batch_2000.nnet_Point_4_Delta_0.10001_runnerUp_2, Type: AIOFF, AItime 00:00:00,, UNSAT, 3673616, 01:01:13
 ./nnet/ACASXU_run2a_1_1_batch_2000.nnet_Point_4_Delta_0.10001_runnerUp_3, Type: AIOFF, AItime 00:00:00,, UNSAT, 3556780, 00:59:16
 ./nnet/ACASXU_run2a_1_1_batch_2000.nnet_Point_4_Delta_0.10001_runnerUp_4, Type: AIOFF, AItime 00:00:00,, UNSAT, 3598606, 00:59:58
 ./nnet/ACASXU_run2a_1_1_batch_2000.nnet_Point_4_Delta_0.10001_runnerUp_1, Type: AIBOXSym, AItime 00:00:00,, UNSAT, 490133, 00:08:10
 ./nnet/ACASXU_run2a_1_1_batch_2000.nnet_Point_4_Delta_0.10001_runnerUp_2, Type: AIBOXSym, AItime 00:00:00,, UNSAT, 716752, 00:11:56
 ./nnet/ACASXU_run2a_1_1_batch_2000.nnet_Point_4_Delta_0.10001_runnerUp_3, Type: AIBOXSym, AItime 00:00:00,, UNSAT, 325103, 00:05:25
 ./nnet/ACASXU_run2a_1_1_batch_2000.nnet_Point_4_Delta_0.10001_runnerUp_4, Type: AIBOXSym, AItime 00:00:00,, UNSAT, 470334, 00:07:50
 ./nnet/ACASXU_run2a_1_1_batch_2000.nnet_Point_4_Delta_0.10001_runnerUp_1, Type: AITOPO, AItime 00:00:00,, UNSAT, 537310, 00:08:57
 ./nnet/ACASXU_run2a_1_1_batch_2000.nnet_Point_4_Delta_0.10001_runnerUp_2, Type: AITOPO, AItime 00:00:00,, UNSAT, 65209, 00:01:05
 ./nnet/ACASXU_run2a_1_1_batch_2000.nnet_Point_4_Delta_0.10001_runnerUp_3, Type: AITOPO, AItime 00:00:00,, UNSAT, 773003, 00:12:53
 ./nnet/ACASXU_run2a_1_1_batch_2000.nnet_Point_4_Delta_0.10001_runnerUp_4, Type: AITOPO, AItime 00:00:00,, UNSAT, 288934, 00:04:48
 ./nnet/ACASXU_run2a_1_1_batch_2000.nnet_Point_4_Delta_0.07501_runnerUp_1, Type: AIOFF, AItime 00:00:00,, UNSAT, 934350, 00:15:34
 ./nnet/ACASXU_run2a_1_1_batch_2000.nnet_Point_4_Delta_0.07501_runnerUp_2, Type: AIOFF, AItime 00:00:00,, UNSAT, 1144688, 00:19:04
 ./nnet/ACASXU_run2a_1_1_batch_2000.nnet_Point_4_Delta_0.07501_runnerUp_3, Type: AIOFF, AItime 00:00:00,, UNSAT, 1036495, 00:17:16
 ./nnet/ACASXU_run2a_1_1_batch_2000.nnet_Point_4_Delta_0.07501_runnerUp_4, Type: AIOFF, AItime 00:00:00,, UNSAT, 1132572, 00:18:52
 ./nnet/ACASXU_run2a_1_1_batch_2000.nnet_Point_4_Delta_0.07501_runnerUp_1, Type: AIBOXSym, AItime 00:00:00,, UNSAT, 141613, 00:02:21
 ./nnet/ACASXU_run2a_1_1_batch_2000.nnet_Point_4_Delta_0.07501_runnerUp_2, Type: AIBOXSym, AItime 00:00:00,, UNSAT, 216238, 00:03:36
 ./nnet/ACASXU_run2a_1_1_batch_2000.nnet_Point_4_Delta_0.07501_runnerUp_3, Type: AIBOXSym, AItime 00:00:00,, UNSAT, 146334, 00:02:26
 ./nnet/ACASXU_run2a_1_1_batch_2000.nnet_Point_4_Delta_0.07501_runnerUp_4, Type: AIBOXSym, AItime 00:00:00,, UNSAT, 897387, 00:14:57
 ./nnet/ACASXU_run2a_1_1_batch_2000.nnet_Point_4_Delta_0.07501_runnerUp_1, Type: AITOPO, AItime 00:00:00,, UNSAT, 193883, 00:03:13
 ./nnet/ACASXU_run2a_1_1_batch_2000.nnet_Point_4_Delta_0.07501_runnerUp_2, Type: AITOPO, AItime 00:00:00,, UNSAT, 240405, 00:04:00
 ./nnet/ACASXU_run2a_1_1_batch_2000.nnet_Point_4_Delta_0.07501_runnerUp_3, Type: AITOPO, AItime 00:00:00,, UNSAT, 41935, 00:00:41
 ./nnet/ACASXU_run2a_1_1_batch_2000.nnet_Point_4_Delta_0.07501_runnerUp_4, Type: AITOPO, AItime 00:00:00,, UNSAT, 232521, 00:03:52
 ./nnet/ACASXU_run2a_1_1_batch_2000.nnet_Point_4_Delta_0.05001_runnerUp_1, Type: AIOFF, AItime 00:00:00,, UNSAT, 324552, 00:05:24
 ./nnet/ACASXU_run2a_1_1_batch_2000.nnet_Point_4_Delta_0.05001_runnerUp_2, Type: AIOFF, AItime 00:00:00,, UNSAT, 406537, 00:06:46
 ./nnet/ACASXU_run2a_1_1_batch_2000.nnet_Point_4_Delta_0.05001_runnerUp_3, Type: AIOFF, AItime 00:00:00,, UNSAT, 277907, 00:04:37
 ./nnet/ACASXU_run2a_1_1_batch_2000.nnet_Point_4_Delta_0.05001_runnerUp_4, Type: AIOFF, AItime 00:00:00,, UNSAT, 382869, 00:06:22
 ./nnet/ACASXU_run2a_1_1_batch_2000.nnet_Point_4_Delta_0.05001_runnerUp_1, Type: AIBOXSym, AItime 00:00:00,, UNSAT, 3948, 00:00:03
 ./nnet/ACASXU_run2a_1_1_batch_2000.nnet_Point_4_Delta_0.05001_runnerUp_2, Type: AIBOXSym, AItime 00:00:00,, UNSAT, 62410, 00:01:02
 ./nnet/ACASXU_run2a_1_1_batch_2000.nnet_Point_4_Delta_0.05001_runnerUp_3, Type: AIBOXSym, AItime 00:00:00,, UNSAT, 19157, 00:00:19
 ./nnet/ACASXU_run2a_1_1_batch_2000.nnet_Point_4_Delta_0.05001_runnerUp_4, Type: AIBOXSym, AItime 00:00:00,, UNSAT, 145045, 00:02:25
 ./nnet/ACASXU_run2a_1_1_batch_2000.nnet_Point_4_Delta_0.05001_runnerUp_1, Type: AITOPO, AItime 00:00:00,, UNSAT, 95248, 00:01:35
 ./nnet/ACASXU_run2a_1_1_batch_2000.nnet_Point_4_Delta_0.05001_runnerUp_2, Type: AITOPO, AItime 00:00:00,, UNSAT, 24295, 00:00:24
 ./nnet/ACASXU_run2a_1_1_batch_2000.nnet_Point_4_Delta_0.05001_runnerUp_3, Type: AITOPO, AItime 00:00:00,, UNSAT, 169076, 00:02:49
 ./nnet/ACASXU_run2a_1_1_batch_2000.nnet_Point_4_Delta_0.05001_runnerUp_4, Type: AITOPO, AItime 00:00:00,, UNSAT, 65334, 00:01:05
 ./nnet/ACASXU_run2a_1_1_batch_2000.nnet_Point_4_Delta_0.02501_runnerUp_1, Type: AIOFF, AItime 00:00:00,, UNSAT, 72211, 00:01:12
 ./nnet/ACASXU_run2a_1_1_batch_2000.nnet_Point_4_Delta_0.02501_runnerUp_2, Type: AIOFF, AItime 00:00:00,, UNSAT, 73662, 00:01:13
 ./nnet/ACASXU_run2a_1_1_batch_2000.nnet_Point_4_Delta_0.02501_runnerUp_3, Type: AIOFF, AItime 00:00:00,, UNSAT, 51714, 00:00:51
 ./nnet/ACASXU_run2a_1_1_batch_2000.nnet_Point_4_Delta_0.02501_runnerUp_4, Type: AIOFF, AItime 00:00:00,, UNSAT, 71402, 00:01:11
 ./nnet/ACASXU_run2a_1_1_batch_2000.nnet_Point_4_Delta_0.02501_runnerUp_1, Type: AIBOXSym, AItime 00:00:00,, UNSAT, 24791, 00:00:24
 ./nnet/ACASXU_run2a_1_1_batch_2000.nnet_Point_4_Delta_0.02501_runnerUp_2, Type: AIBOXSym, AItime 00:00:00,, UNSAT, 9342, 00:00:09
 ./nnet/ACASXU_run2a_1_1_batch_2000.nnet_Point_4_Delta_0.02501_runnerUp_3, Type: AIBOXSym, AItime 00:00:00,, UNSAT, 8915, 00:00:08
 ./nnet/ACASXU_run2a_1_1_batch_2000.nnet_Point_4_Delta_0.02501_runnerUp_4, Type: AIBOXSym, AItime 00:00:00,, UNSAT, 20327, 00:00:20
 ./nnet/ACASXU_run2a_1_1_batch_2000.nnet_Point_4_Delta_0.02501_runnerUp_1, Type: AITOPO, AItime 00:00:00,, UNSAT, 17658, 00:00:17
 ./nnet/ACASXU_run2a_1_1_batch_2000.nnet_Point_4_Delta_0.02501_runnerUp_2, Type: AITOPO, AItime 00:00:00,, UNSAT, 12619, 00:00:12
 ./nnet/ACASXU_run2a_1_1_batch_2000.nnet_Point_4_Delta_0.02501_runnerUp_3, Type: AITOPO, AItime 00:00:00,, UNSAT, 6336, 00:00:06
 ./nnet/ACASXU_run2a_1_1_batch_2000.nnet_Point_4_Delta_0.02501_runnerUp_4, Type: AITOPO, AItime 00:00:00,, UNSAT, 5351, 00:00:05
 ./nnet/ACASXU_run2a_1_1_batch_2000.nnet_Point_4_Delta_0.01001_runnerUp_1, Type: AIOFF, AItime 00:00:00,, UNSAT, 1315, 00:00:01
 ./nnet/ACASXU_run2a_1_1_batch_2000.nnet_Point_4_Delta_0.01001_runnerUp_2, Type: AIOFF, AItime 00:00:00,, UNSAT, 1535, 00:00:01
 ./nnet/ACASXU_run2a_1_1_batch_2000.nnet_Point_4_Delta_0.01001_runnerUp_3, Type: AIOFF, AItime 00:00:00,, UNSAT, 1300, 00:00:01
 ./nnet/ACASXU_run2a_1_1_batch_2000.nnet_Point_4_Delta_0.01001_runnerUp_4, Type: AIOFF, AItime 00:00:00,, UNSAT, 1621, 00:00:01
 ./nnet/ACASXU_run2a_1_1_batch_2000.nnet_Point_4_Delta_0.01001_runnerUp_1, Type: AIBOXSym, AItime 00:00:00,, UNSAT, 0, 00:00:00
 ./nnet/ACASXU_run2a_1_1_batch_2000.nnet_Point_4_Delta_0.01001_runnerUp_2, Type: AIBOXSym, AItime 00:00:00,, UNSAT, 0, 00:00:00
 ./nnet/ACASXU_run2a_1_1_batch_2000.nnet_Point_4_Delta_0.01001_runnerUp_3, Type: AIBOXSym, AItime 00:00:00,, UNSAT, 0, 00:00:00
 ./nnet/ACASXU_run2a_1_1_batch_2000.nnet_Point_4_Delta_0.01001_runnerUp_4, Type: AIBOXSym, AItime 00:00:00,, UNSAT, 0, 00:00:00
 ./nnet/ACASXU_run2a_1_1_batch_2000.nnet_Point_4_Delta_0.01001_runnerUp_1, Type: AITOPO, AItime 00:00:00,, UNSAT, 81, 00:00:00
 ./nnet/ACASXU_run2a_1_1_batch_2000.nnet_Point_4_Delta_0.01001_runnerUp_2, Type: AITOPO, AItime 00:00:00,, UNSAT, 11281, 00:00:11
 ./nnet/ACASXU_run2a_1_1_batch_2000.nnet_Point_4_Delta_0.01001_runnerUp_3, Type: AITOPO, AItime 00:00:00,, UNSAT, 83, 00:00:00
 ./nnet/ACASXU_run2a_1_1_batch_2000.nnet_Point_4_Delta_0.01001_runnerUp_4, Type: AITOPO, AItime 00:00:00,, UNSAT, 8961, 00:00:08
 